"","BasalTillerNumber","FirstFloretDay","InflorescenceExertLen","PanicleLen","PlantHgt"
"BasalTillerNumber",1,-0.00670031889703128,0.0701001129577763,0.0567039848281115,-0.000638026920940825
"FirstFloretDay",-0.00670031889703128,1,-0.186812882727276,0.223878869834707,0.609713302262784
"InflorescenceExertLen",0.0701001129577763,-0.186812882727276,1,0.196221645680988,0.00654599805258635
"PanicleLen",0.0567039848281115,0.223878869834707,0.196221645680988,1,0.43470762516464
"PlantHgt",-0.000638026920940825,0.609713302262784,0.00654599805258635,0.43470762516464,1
